Product_Name,Product_Link
MEN'S LORENTZ XG DOWN JACKET,https://www.eigeradventure.com/en/d/men-s-lorentz-xg-down-jacket?color=grey
WOMEN'S LORENTZ XG DOWN JACKET,https://www.eigeradventure.com/en/d/women-s-lorentz-xg-down-jacket?color=grey
MS FINDERS PRO INSULATE JKT,https://www.eigeradventure.com/en/d/ms-finders-pro-insulate-jkt?color=grey
MS LORENTZ XG 3L JACKET,https://www.eigeradventure.com/en/d/ms-lorentz-xg-3l-jacket?color=orange
WOMEN LORENTZ XG 3L JACKET,https://www.eigeradventure.com/en/d/ws-lorentz-xg-3l-jacket?color=blue
WOMEN HEATWAVE PRO JACKET,https://www.eigeradventure.com/en/d/ws-heatwave-pro-jacket?color=grey
MS FINDERS XT INSULATED JKT,https://www.eigeradventure.com/en/d/ms-finders-xt-insulated-jkt?color=grey
WOMEN HEATWAVE XT JACKET,https://www.eigeradventure.com/en/d/ws-heatwave-xt-jacket-?color=grey
MENS ZENITH WARMER JACKET,https://www.eigeradventure.com/en/d/mens-zenith-warmer-jacket?color=grey
WOMEN ZENITH WARMER JACKET,https://www.eigeradventure.com/en/d/ws-zenith-warmer-jacket?color=orange
MENS COMBAT TACTICAL SOFTSHELL,https://www.eigeradventure.com/en/d/mens-combat-tactical-softshell?color=khaki
MENS EQUATOR WP 2L JACKET,https://www.eigeradventure.com/en/d/mens-equator-wp-2l-jacket?color=black
X-HASTEN INSULATED JACKET,https://www.eigeradventure.com/en/d/x-hasten-insulated-jacket?color=olive
ATTACK BDU JACKET,https://www.eigeradventure.com/en/d/attack-bdu-jacket?color=olive
MENS COMBAT FIELD JACKET,https://www.eigeradventure.com/en/d/mens-combat-field-jacket?color=khaki
J. CLENIA WOMEN,https://www.eigeradventure.com/en/d/j-clenia-ws?color=black
RAINTOUR JACKET HOODIE,https://www.eigeradventure.com/en/d/raintour-jacket-hoodie?color=dark+blue
STROMBLE PADDED JACKET 1.0,https://www.eigeradventure.com/en/d/stromble-padded-jacket-1-0?color=blue
VOYAGER JACKET 2.0,https://www.eigeradventure.com/en/d/eiger-voyager-jacket-2-0?color=brown
WOMEN BEET RIVER 1.0 INSULATION,https://www.eigeradventure.com/en/d/ws-beet-river-1-0-insulation?color=blue
MS MANGROVE WINDPROOF PARKA,https://www.eigeradventure.com/en/d/ms-mangrove-windproof-parka?color=black
ECHO BOMBER JACKET,https://www.eigeradventure.com/en/d/echo-bomber-jacket?color=olive
NEWARK WINDPROOF JACKET,https://www.eigeradventure.com/en/d/newark-windproof-jacket?color=black
WOMEN TRISHA QUILTED JACKET,https://www.eigeradventure.com/en/d/ws-trisha-quilted-jacket?color=green
MENS SWEAT JACKET TACTICAL,https://www.eigeradventure.com/en/d/mens-sweat-jacket-tactical?color=khaki
VENTURE VARSITY JACKET,https://www.eigeradventure.com/en/d/venture-varsity-jacket?color=black
ALTO SOFTSHELL JACKET,https://www.eigeradventure.com/en/d/alto-softshell-jacket?color=blue
ALPHA DX JACKET,https://www.eigeradventure.com/en/d/alpha-dx-jacket?color=olive
MS EQUATOR WINDPROOF JKT F1,https://www.eigeradventure.com/en/d/ms-equator-windproof-jkt-f1?color=black
VELOUR TRACK JACKET,https://www.eigeradventure.com/en/d/velour-track-jacket?color=grey
BOULDER HARRINGTON JACKET,https://www.eigeradventure.com/en/d/boulder-harrington-jacket?color=black
VELDA VARSITY JACKET 1989,https://www.eigeradventure.com/en/d/velda-varsity-jacket-1989?color=navy
BRISTOL WINDBLOCK JACKET,https://www.eigeradventure.com/en/d/bristol-windblock-jacket?color=black
MENS EQUATOR SOFTSHELL JACKET,https://www.eigeradventure.com/en/d/mens-equator-softshell-jacket?color=purple
BOGOTA WORK JACKET,https://www.eigeradventure.com/en/d/eiger-bogota-work-jacket-shirt?color=brown
DISPATCH QUILTED JKT,https://www.eigeradventure.com/en/d/dispatch-quilted-jkt?color=olive
WOMEN VARSHA REVERSIBLE JACKET,https://www.eigeradventure.com/en/d/ws-varsha-reversible-jacket?color=peach
X-RAPIDITY 1.0,https://www.eigeradventure.com/en/d/x-rapidity-1-0?color=black
J.SKYBOMB 1989 2.0,https://www.eigeradventure.com/en/d/j-skybomb-1989-2-0?color=black
ETHNO JACKSHIRT,https://www.eigeradventure.com/en/d/ethno-jackshirt?color=dark+navy
FASTEST FAST,https://www.eigeradventure.com/en/d/fastest-fast?color=olive
J.EG REVERSIBLE PARKA HOODY L,https://www.eigeradventure.com/en/d/eiger-reversible-parka-hoody-jac?color=black
BENTAYAN HARRINGTON JACKET,https://www.eigeradventure.com/en/d/bentayan-harrington-jacket?color=grey
PALOMAR JACKET,https://www.eigeradventure.com/en/d/palomar-jacket?color=black
CRANK UP BOMBER JACKET,https://www.eigeradventure.com/en/d/crank-up-bomber-jacket?color=green
KRUST BOMBER JACKET,https://www.eigeradventure.com/en/d/krust-bomber-jacket?color=brown
VERSNELD RIDING JACKET,https://www.eigeradventure.com/en/d/versneld-riding-jacket?color=navy
WANDERHAUL FIELD JACKET,https://www.eigeradventure.com/en/d/wanderhaul-field-jacket?color=olive
WOMEN EQUATOR WINDPROOF JACKET,https://www.eigeradventure.com/en/d/ws-equator-windproof-jacket?color=yellow
WOMEN TRISHA COLORBLOCKING JKT,https://www.eigeradventure.com/en/d/ws-trisha-colorblocking-jkt?color=black
X-CORDOBA JACKET,https://www.eigeradventure.com/en/d/x-cordoba-jacket?color=black
BARCELOS COACH JACKET,https://www.eigeradventure.com/en/d/barcelos-coach-jacket?color=black
WHIZZED WINDPROOF JACKET,https://www.eigeradventure.com/en/d/whizzed-windproof-jacket?color=blue
JUNIOR MOORLAND INSULATION JKT,https://www.eigeradventure.com/en/d/jr-moorland-insulation-jkt?color=green
VALMIERA JACKET 2.0,https://www.eigeradventure.com/en/d/eiger-valmiera-jacket-2-0?color=olive
HITROST COACH JACKET,https://www.eigeradventure.com/en/d/hitrost-coach-jacket?color=brown
PEDAUH WINDPROOF JACKET,https://www.eigeradventure.com/en/d/pedauh-windproof-jacket?color=light+green
J.BOMBERS 1989,https://www.eigeradventure.com/en/d/j-bombers-1989?color=black
J.SKYBOMB 1989,https://www.eigeradventure.com/en/d/j-skybomb-1989?color=navy
ACROSS 1.2 WINDPROOF,https://www.eigeradventure.com/en/d/eiger-across-1-2-windproof-jacke?color=olive
CORNER INC 1.0,https://www.eigeradventure.com/en/d/corner-inc-1-0?color=olive
INTENSE WARMER JACKET,https://www.eigeradventure.com/en/d/intense-warmer-jacket?color=navy
WOMEN ARIES PARKA,https://www.eigeradventure.com/en/d/ws-aries-parka?color=cream
ALPINIST WARMER JACKET,https://www.eigeradventure.com/en/d/alpinist-warmer-jacket?color=olive
CAMFEST WINDBLOCK JACKET,https://www.eigeradventure.com/en/d/camfest-windblock-jacket?color=brown
SCIROCCO TOUR,https://www.eigeradventure.com/en/d/eiger-scirocco-tour-jacket?color=black
RYCHLOST JACKET,https://www.eigeradventure.com/en/d/rychlost-jacket?color=black
STRENUOUS NON HOODIE JACKET,https://www.eigeradventure.com/en/d/strenuous-non-hoodie-jacket?color=grey
CORDIAL ANORAK WARMER,https://www.eigeradventure.com/en/d/cordial-anorak-warmer?color=black
MOUNCLAIN ANORAK JACKET,https://www.eigeradventure.com/en/d/mounclain-anorak-jacket?color=olive
LINX JACKET 2.0,https://www.eigeradventure.com/en/d/eiger-linx-jacket-2-0?color=navy
X-BOUSTER 1.0,https://www.eigeradventure.com/en/d/eiger-x-bouster-1-0-jacket?color=navy
INLANDER BALD,https://www.eigeradventure.com/en/d/inlander-bald?color=blue
WOMEN GEVA COLLARLESS JKT,https://www.eigeradventure.com/en/d/ws-geva-collarless-jkt?color=khaki
WOMEN BREE WINDPROOF JACKET,https://www.eigeradventure.com/en/d/ws-bree-windproof-jacket?color=green
WOMEN BREE DENIM BOMBER,https://www.eigeradventure.com/en/d/ws-bree-denim-bomber?color=light+blue
WOMEN'S INLANDER JACKET,https://www.eigeradventure.com/en/d/women-s-inlander-jacket?color=yellow
KENTAWAN HD FZ SWEATSHIRT,https://www.eigeradventure.com/en/d/kentawan-hd-fz-sweatshirt?color=black
BRACKEN OVERSHIRT,https://www.eigeradventure.com/en/d/bracken-overshirt?color=khaki
BROWN HARE WARMER JKT,https://www.eigeradventure.com/en/d/brown-hare-warmer-jkt?color=pink
KAHUNA PARKA 2.0,https://www.eigeradventure.com/en/d/eiger-kahuna-parka-2-0-jacket?color=navy
WOMENS BACKWOODS WARMER JKT,https://www.eigeradventure.com/en/d/womens-backwoods-warmer-jkt?color=white
WOMEN X-FRESCO JAKET,https://www.eigeradventure.com/en/d/ws-x-fresco-jaket?color=purple
J. WARMER MEN,https://www.eigeradventure.com/en/d/eiger-warmer-men-jacket?color=dark+grey
QUIMPER JACKSHIRT,https://www.eigeradventure.com/en/d/quimper-jackshirt?color=olive
WOMEN VARSHA ANORAK JACKET,https://www.eigeradventure.com/en/d/ws-varsha-anorak-jacket?color=navy
SHOOTER LIGHTWEIGHT 2.0,https://www.eigeradventure.com/en/d/eiger-shooter-lightweight-2-0-ja?color=black
WOMEN KAUWELA HOODED JACKET,https://www.eigeradventure.com/en/d/ws-kauwela-hooded-jacket?color=green
STRUGA JACKET,https://www.eigeradventure.com/en/d/struga-jacket?color=olive
SPARKS,https://www.eigeradventure.com/en/d/sparks?color=black
X-KUIN HOODIE JACKET WOMEN,https://www.eigeradventure.com/en/d/x-kuin-hoodie-jacket-ws?color=off+white
WOMEN TRISHA DENIM JACKET,https://www.eigeradventure.com/en/d/ws-trisha-denim-jacket?color=navy
HALFY PACKABLE ANORAK,https://www.eigeradventure.com/en/d/halfy-packable-anorak?color=navy
X-TRAVERIAN HOODIE,https://www.eigeradventure.com/en/d/x-traverian-hoodie?color=khaki
TRAQUILITY,https://www.eigeradventure.com/en/d/traquility-?color=black
WS SHOOTER JACKET XT 3.0,https://www.eigeradventure.com/en/d/ws-shooter-jacket-xt-3-0?color=lilac
MENS VANASEEKER WARMER JACKET,https://www.eigeradventure.com/en/d/mens-vanaseeker-warmer-jacket?color=grey
WOMENS ELIZA CAMP WARMER,https://www.eigeradventure.com/en/d/womens-eliza-camp-warmer?color=white
MENS VANASEEKER HZ WARMER,https://www.eigeradventure.com/en/d/mens-vanaseeker-hz-warmer?color=grey
SEEKERS HOODIE WARMER,https://www.eigeradventure.com/en/d/seekers-hoodie-warmer?color=black
EARTHY WOMEN,https://www.eigeradventure.com/en/d/eiger-earthy-ws-jacket?color=navy
DUNCAN JACKET 2.0,https://www.eigeradventure.com/en/d/eiger-duncan-jacket-2-0?color=olive
JUNIOR SHOOTER JACKET,https://www.eigeradventure.com/en/d/junior-shooter-jacket?color=light+blue
WANOKAKA SHACKET,https://www.eigeradventure.com/en/d/eiger-wanokaka-shacket-shirt-jac?color=green
